Brand Type,Color Name,Short Description,Long Description,Hex Colour,Hex Text,RGB Text,CMYK Text,RAL Color,Related Color 1 ,Related Color 2,Related Color 3
Lamborghini,Arancia Atlas,Lamborghini's shiny orange color.,Lamborghini's Arancia Atlas is a shiny orange color that pops in the sunlight. It is best based with Nero accents.,#FC9303,#FC9303,"rgb(252,147,3)","0, 42, 99, 1",RAL 1033,Arancio Xanto,Arancio Bruciato,Arancio Borealis
Lamborghini,Bianco Isi,Lamborghini's shiny white color. ,"Lamborghini's Bianco Isi is an Aventador specific classy white color, that pairs well with both silver and black accents.",#C0CBCD,#C0CBCD,"rgb(192,203,205)","6, 1, 0, 20",RAL 7035,Bianco Avorio,Pearl White,Bianco Asopo
Lamborghini,Blu Nila,Lamborghini's shiny blue color. ,"Lamborghini's Blu Nila was popularized on the Aventador, and is a shiny blue that can be paired with Nero, silver, or Rosso accents.",#017EF4,#017EF4,"rgb(1,126,244)
","100, 48, 0, 4",RAL 5014,Blu Le Mans,Blu Caelum,Blu Fontus
Lamborghini,Nero Aldebaran,Lamborghini's shiny black color. ,"Lamborghiniâ€™s Nero Aldebaran is classic solid black that is specific only to the Avendator. The stealth look conceals itself well if needed, but also pops in the sunlight. Nero Aldebaran pairs well with additional accent colors such as Giallo, Rosso, or Blu accents.",#0D1015,#0D1015,"rgb(13,16,21)","38, 24, 0, 92",RAL 9005,Nero Granatus,Nero Pegaso,Nero Nemesis
Lamborghini,Giallo Orion,Lamborghini's shiny yellow color.,"Lamborghini's Giallo Orion was first seen on the Murcielago, and has since transitioned into the Aventador's shiny yellow color. It is best paired with Nero, or Rosso accents.",#FEA700,#FEA700,"rgb(254,167,0)","0, 34, 100, 0",RAL 1003,Giallo Inti,Giallo Auge,Giallo Tenerife
Lamborghini,Rosso Mars,Lamborghini's shiny red color.,"Lamborghini's Rosso Mars is a common shiny red option for the Aventador, Huracan, and Urus alike. This color pops well with Giallo or Nero acents and shows the true Lamborghini ethos. ",#D40000,#D40000,"rgb(212,0,0)","0, 100, 100, 17",RAL 3028,Rosso Efesto,Rosso Efesto,Rosso Bia
Lamborghini,Verde Mantis,Lamborghini's shiny green color. ,"Lamborghini's Verde Mantis is a classic shiny green option primarily for the Huracan. This color represents Lamborghini's bright and bold ethos perfectly, and will guarantee you road precense. ",#7DC23B,#7DC23B,"rgb(125,194,59)","36, 0, 70, 24",RAL 6018,Verde Selvans,Verde Gea Lucido,Verde Citrea
Lamborghini,Arancio Xanto,Lamborghini's sportiva orange color.,"Lamborghini's Arancio Xanto is a fire orange color that is seen on both the Huracan and Aventador. It is known to pop in the sun, and looks stunning with Nero accents.",#E64A37,#E64A37,"rgb(230,74,55)
","0, 68, 76, 10",RAL 2012,Arancia Atlas,Arancio Borealis,Arancio Bruciato
Lamborghini,Bianco Asopo,Lamborghini's sportiva white color.,"Lamborghini's Bianco Asopo is a classic white that is seen primarily as a color option for the Aventador SVJ. It is a very versatile paint color, and can be paired with different accent types.",#F3FAFD,#F3FAFD,"rgb(243,250,253)","4, 1, 0, 1",RAL 9003,Bianco Isi,Bianco Comes,Bianco Monocerus
Lamborghini,Blu Nethuns,Lamborghini's sportiva blue color.,"Lamborghini's Blu Nethuns is a striking blue that pairs well with stealth Nero accents. It is a common Huracan option, but is also seen on Aventador models.",#1336EA,#1336EA,"rgb(19,54,234)","92, 77, 0, 8",RAL 5000,Blu Uranus,Blu Caelum,Blu Le Mans
Lamborghini,Grigio Telesto,Lamborghini's sportiva grey color.,"Grigio Telesto creates a beautiful stealth look on Lamborghinis. It is seen with Nero, and Bronze accents primarily to add to the stealth look.",#7692A5,#7692A5,"rgb(118,146,165)
","28, 12, 0, 35",RAL 5024,Grigio Antares,Grigio Hati,Grigio Lynx
Lamborghini,Verde Selvans,Lamborghini's sportiva green color. ,"Verde Selvans is a stunning bright green color primarily seen on the Huracan. It fits Lamborghini's ethos perfectly, and shimmers in the sun. It is best paired with Nero accents.",#67C52F,#67C52F,"rgb(103,197,47)","48, 0, 76, 23",RAL 6038,Verde Mantis,Verde Ithaca,Verde Ermes
Lamborghini,Viola Pasifae,Lamborghini's sportiva purple color.,"Viola Pasifae is seen on both the Aventador and Huracan models. The color works well with lighter silver and white accents, but also looks stunning and stealthy with black accents. ",#6B0686,#6B0686,"rgb(107,6,134)","20, 96, 0, 47",RAL 4006,Viola 30,Viola Aletheia,Lantana Purple
Lamborghini,Arancio Bruciato,Lamborghini's contemporary orange color.,"Arancio Bruiato is an orange that has been spotted on the new and exclusive Sian, but can be optioned on all cars. It pairs well with Giallo or Nero accents, and has an darker shade than other Oranges. ",#D74C10,#D74C10,"rgb(215,76,16)","0, 65, 93, 16",RAL 2009,Arancio Argos,Arancio Xanto,Rosso Arancio
Lamborghini,Balloon White,Lamborghini's contemporary white color.,"Balloon white is one of the classiest Aventador colors that can be optioned because of its subtle grey undertone. The color is often seen on Aventadors, and can be paired with virtually any accents. ",#E8E8E8,#E8E8E8,"rgb(232,232,232)
","0, 0, 0, 9",RAL 9003,Bianco Isi,Bianco Avus,Pearl White
Lamborghini,Blu Aegir,Lamborghini's contemporary blue color.,"Blu Aegir's almost metallic finish is meant to pop in the sun. It is classy, but bold at the same time, and is seen on both Aventadors and Huracans. It's bright nature often pairs well with silver accents.",#2CAEFE,#2CAEFE,"rgb(44,174,254)","83, 31, 0, 0",RAL 5024,Blu Notte,Blu Uranus,Blu Le Mans
Lamborghini,Bronzo Zante,Lamborghini's contemporary bronze color.,"Bronzo Zante, seen primarily on Aventadors offers the stealth Lamborghini style with a bit of pop in the sun. It is a stunning blend of everything that the Lamborghini brand stands for, and pairs well with Nero accents. ",#B08D57,#B08D57,"rgb(176,141,87)","0, 20, 51, 31",RAL 1024,Oros Elios,Verde Gea Lucido,Nero Granatus
Lamborghini,Nero Granatus,Lamborghini's contemporary black color.,"Nero Granatus is a special Lamborghini color; black from afar, but once you get up close or go in the sun, the color shifts to an almost metallic marroon color. It is often optioned with either black or silver accents. ",#92555D,#92555D,"rgb(146,85,93)","0, 42, 36, 43",RAL 4002,Nero Helene,Nero Nemesis,Nero Pegaso
Lamborghini,Rosso Efesto,Lamborghini's contemporary red color.,"Rosso Efesto is a bright cherry red color that is primarily seen on the Aventadors. It has been optioned with Bronze, black and silver accents and is very versatile.",#F4221F,#F4221F,"rgb(244,34,31)
","0, 86, 87, 4",RAL 3028,Rosso Mars,Rosso Arancio,Rosso Bia
Lamborghini,Verde Gea Lucido,Lamborghini's contemporary green color.,Verde Gea Lucido was first seen when the Lamborghini Sian was unveiled. It is a classic green with matte accents that looks stunning with bronze accents.,#8B8970,#8B8970,"rgb(139,137,112)
","0, 1, 19, 45",RAL 7034,Bronzo Zante,Verde Citrea,Verde Metallic
Lamborghini,Bianco Comes,Lamborghini's pearl white color.,Bianco Comes is a classic Lamborghini color that is commonly optioned on both Huracan and Aventador models. It is a versatile pearly white that can look stunning with any accent.,#FBFBFB,#FBFBFB,"rgb(251,251,251)","0, 0, 0, 2",RAL 9016,Bianco Asopo,Bianco Monocerus,Bianco Isi
Lamborghini,Blu Cepheus,Lamborghini's pearl blue color.,"Blu Cepheus is seen on all Lamborghini models: Huracans, Aventadors, Centenarios and even classics like the Murcialago. The beautiful bright blue pops in the sun, and pairs well with both Black and Silver accents. ",#39BFFE,#39BFFE,"rgb(57,191,254)","78, 25, 0, 0",RAL 5024,Blu Uranus,Blu Aegir,Blu Notte
Lamborghini,Blu Uranus,Lamborghini's pearl ocean color.,"Blu Uranus was debuted on the Lamborghini Sian, and has a teal, ocean like color. This color is sure to pop in the sun, and is also commonly paired with bronze accents. ",#0177A4,#0177A4,"rgb(1,119,164)","99, 27, 0, 36",RAL 5015,Blu Cepheus,Blu Nethuns,Blu Eleos
Lamborghini,Oros Elios,Lamborghini's pearl bronze color.,Oros Elios's yellow gold like color that looks beautiful in the sun. This Arabian color style looks beautiful in both black and silver accents. ,#B88B60,#B88B60,"rgb(184,139,96)","0, 24, 48, 28",RAL 1011,Bronzo Zante,Verde Gea Lucido,Blu Cepheus
Lamborghini,Verde Citrea,Lamborghini's pearl green color.,"Verde Citrea is a Lamborghini colors option for both Huracan and Aventador models, and is a bright battery green that looks similar to Porsche's Acid Green.",#9AF95D,#9AF95D,"rgb(154,249,93)","38, 0, 63, 2",RAL 6019,Verde Metallic,Verde Gea Lucido,Verde Mantis
Lamborghini,Blu Notte,Lamborghini's classic blue color.,"Blu Notte is a slightly darker blue Aventador color that is very versatile, paring well with Nero and Silver accents.",#212E58,#212E58,"rgb(33,46,88)
","63, 48, 0, 65",RAL 5022,Blu Nethuns,Blu Nereid,Blu Astraeus
Lamborghini,Rosso Arancio,Lamborghini's classic red color.,"Rosso Arancio is a fire red paint color that looks slightly orange. It pops in the sun, and is paired well with Nero and Orange accents.",#DD3D0D,#DD3D0D,"rgb(221,61,13)","0, 72, 94, 13",RAL 2009,Rosso Bia,Rosso Efesto,Rosso Mars
Lamborghini,Verde Metallic,Lamborghini's classic british racing green color.,"Verde Metallic looks like a metallic version of British Racing Green, making it pop more in the sunlight. It looks stunning with Bronze accents.",#8FC028,#8FC028,"rgb(143,192,40)","26, 0, 79, 25",RAL 6018,Verde Citrea,Verde Gea Lucido,Verde Ermes
Lamborghini,Verde Scandal,Lamborghini's classic green color.,"Verde Scandal is an incredibly bright green offered for Huracan and Lamborghini models. It shines in the light, and pairs well with subtle black accents.",#84E12E,#84E12E,"rgb(132,225,46)","41, 0, 80, 12",RAL 6038,Verde Metallic,Verde Gea Lucido,Verde Citrea
Lamborghini,Viola 30,Lamborghini's classic purple color. ,"Viola 30 is seen on both the Huaracan and Aventador, and is a metallic purple color, that shimmers in the sunlight. It works well with Bronze, black and silver accents. ",#B27CB6,#B27CB6,"rgb(178,124,182)
","2, 32, 0, 29",RAL 4003,Viola Pasifae,Viola Aletheia,Lantana Purple
Lamborghini,Arancio Argos,Lamborghini's Ad Personam fire red color.,"Arancio Argos, primarily seen on the Aventadors, is a bold red with a hint of orange undertones. Black accents make for a stunning combination with this color.",#FB6445,#FB6445,"rgb(251,100,69)","0, 60, 73, 2",RAL 3024,Rosso Arancio,Arancio Borealis,Arancia Atlas
Lamborghini,Arancio Borealis,Lamborghini's Ad Personam orange color.,Arancio Borealis' is a bright sunset orange commonly viewed on the Huracan Performante. Silver and black accents pair the best with this color to bring out the shine of the car.,#FBA400,#FBA400,"rgb(251,164,0)","0, 35, 100, 2",RAL 1003,Arancio Argos,Arancia Atlas,Arancio Bruciato
Lamborghini,Azzurro Thetys,Lamborghini's Ad Personam light blue color.,"Azzurro Thetys creates a metallic shine with its frosty blue hue and was popularized on the Aventator. Silver accents bring out the sleek nature of the color, whereas black accents draw out a more stealthier look. ",#8CA0B8,#8CA0B8,"rgb(140,160,184)","24, 13, 0, 28",RAL 7001,Blu Eleos,Blu Glauco,Blu Le Mans
Lamborghini,Bianco Monocerus,Lamborghini's Ad Personam white color.,"Bianco Monocerus is seen on both the Huracan Performante and Urus. This pearlescent white radiates elegance and is often paired with bold red accents, however its versatile nature makes different accent types possible.",#EDEDED,#EDEDED,"rgb(237,237,237)","0, 0, 0, 7",RAL 9003,Bianco Isi,Bianco Asopo,Bianco Comes
Lamborghini,Blu Astraeus,Lamborghini's Ad Personam deep blue color.,"Blue Astraeus is a deep and rich blue with violet undertones that has been seen primarily on the Urus. It looks stunning with yellow, black or silver accents.",#00024C,#00024C,"rgb(0,2,76)","100, 97, 0, 70",RAL 5022,Blu Nereid,Blu Caelum,Blu Eleos
Lamborghini,Blu Caelum,Lamborghini's Ad Personam royal blue color.,Blu Caelum is an edgy royal blue found on both the Avendator and Huracan. It works well with Giallo or silver accents to give off a radiant finish.,#054AE3,#054AE3,"rgb(5,74,227)","98, 67, 0, 11",RAL 5023,Blu Astraeus,Blu Glauco,Blu Le Mans
Lamborghini,Blu Eleos,Lamborghini's Ad Personam shiny blue color.,"Blue Eleos, commonly found on the Urus and Huracan, is shiny blue at a slightly lighter hue than royal. Nero or Grigio accents compliment this electric blue very nicely.",#418DD8,#418DD8,"rgb(65,141,216)
","70, 35, 0, 15",RAL 5024,Blu Le Mans,Blu Le Mans,Blu Nereid
Lamborghini,Blu Fontus,Lamborghini's Ad Personam dark blue color. ,"Blue Fontus creates a stunningly stealthy look with its deep navy blue hue. Seen primarily on Gallordos, this color pairs well with primarily silver but also gold accents. ",#313247,#313247,"rgb(49,50,71)","31, 30, 0, 72",RAL 5013,Blu Caelum,Blu Eleos,Blu Nila
Lamborghini,Blu Glauco,Lamborghini's Ad Personam teal color.,"Blue Glauco is a shiny, electric teal that makes for an exotic look. This confident and eye-catching color can be found on both Aventadors and Huracans. Silver and black accents best compliement this bold color.",#08C7E3,#08C7E3,"rgb(8,199,227)","96, 12, 0, 11",RAL 6027,Blu Eleos,Blu Nereid,Blu Le Mans
Lamborghini,Blu Le Mans,Lamborghini's Ad Personam bright blue color.,"Blu Le Mans' bright, electric blue can be found on both Aventadors and Huracans. Red and black accents work well together to accentuate the color's beauty to give it a powerful look.",#0690FF,#0690FF,"rgb(6,144,255)","98, 44, 0, 0",RAL 5024,Blu Nereid,Blu Astraeus,Blu Eleos
Lamborghini,Blu Nereid,Lamborghini's Ad Personam metallic blue color. ,Blue Nereid is a shiny metallic blue with blended violet undertones that give the Aventadors a tranformative look. Giallo accents compliment this color and enhance its exotic look.,#2539BC,#2539BC,"rgb(37,57,188)","80, 70, 0, 26",RAL 5002,Blu Nila,Blu Glauco,Blu Le Mans
Lamborghini,Giallo Auge,Lamborghini's Ad Personam yellow color. ,Giallo Auge was introduced on the Urus as a special launch color. This classic yellow brings a confident pop of color to the car and is best accentuated by Nero or silver accents. ,#FEBE05,#FEBE05,"rgb(254,190,5)","0, 25, 98, 0",RAL 1023,Giallo Evros,Giallo Inti,Giallo Inti
Lamborghini,Giallo Evros,Lamborghini's Ad Personam dark yellow color. ,Giallo Evros is a russet yellow that gives a metallic-like finish to the Aventadors. Black and silver accents pair best with this sunset yellow.,#E28F01,#E28F01,"rgb(226,143,1)","0, 37, 100, 11",RAL 1006,Giallo Auge,Giallo Spica,Giallo Tenerife
Lamborghini,Giallo Inti,Lamborghini's Ad Personam bright yellow color. ,Giallo Inti found on Huracans is a bright yellow that shines in the sun. This raidant color popularly pairs with Nero accents and occasionally Grigio.,#FED136,#FED136,"rgb(254,209,54)","0, 18, 79, 0",RAL 1018,Giallo Orion,Giallo Tenerife,Giallo Spica
Lamborghini,Giallo Spica,Lamborghini's Ad Personam pearl yellow color.,"Giallo Spica creates an electric look with its pearlescent yellow. Found on both Huracans and Aventadors, this color combines well with Nero accents to give off a stealthy and powerful finish.",#F2C32F,#F2C32F,"rgb(242,195,47)","0, 19, 81, 5",RAL 1018,Giallo Inti,Giallo Auge,Giallo Tenerife
Lamborghini,Giallo Tenerife,Lamborghini's Ad Personam pale yellow color.,"Giallo Tenerife is a pale, bright yellow that can be found on both the Huracan and Aventador. This colors looks beautiful with black and silver accents.",#F2F427,#F2F427,"rgb(242,244,39)
","1, 0, 84, 4",RAL 1016,Giallo Evros,Giallo Orion,Giallo Auge
Lamborghini,Grigio Antares,Lamborghini's Ad Personam metallic grey color. ,Grigio Antares is a light metallic grey found on the Aventadors. Black and red accents expertly tie the whole look together and give the car a stunning finish.,#A6ADB7,#A6ADB7,"rgb(166,173,183)","9, 5, 0, 28",RAL 7040,Grigio Ater,Grigio Keres,Grigio Liqueo
Lamborghini,Grigio Ater,Lamborghini's Ad Personam  dark grey color.,"Grigio Ater, found primarily on the Aventador, creates a sleek and stealthy look with its dark grey hue. This beautiful color accentuates the curves of the car well and pairs strongly with red and black accents.",#727274,#727274,"rgb(114,114,116)","2, 2, 0, 55",RAL 9023,Grigio Keres,Grigio Telesto,Grigio Nimbus
Lamborghini,Grigio Estoque,Lamborghini's Ad Personam  metallic grey color.,Grigio Estoque is a deep metallic grey that gives the Aventadors a sharp and polished look. This color looks stunning with Giallo accents that bring a pop of color as well as Nero accents that draw out the powerful nature of this color. ,#ACACAE,#ACACAE,"rgb(172,172,174)","1, 1, 0, 32",RAL 9006,Grigio Nimbus,Grigio Lynx,Grigio Keres
Lamborghini,Grigio Hati,Lamborghini's Ad Personam light grey color.,Grigio Hati is a light grey that brings a pearlescent look to the Huracans and Aventadors. Red and black accents highlight the radiant nature of this color and emphasize its beauty.,#C7D7E7,#C7D7E7,"rgb(199,215,231)","14, 7, 0, 9",RAL 7047,Grigio Antares,Grigio Liqueo,Grigio Keres
Lamborghini,Grigio Keres,Lamborghini's Ad Personam metallic grey color.,"Grigio Keres is seen primarily to the Urus and is a dark graphite grey with a metallic finish. Interestingly, the versatile nature of this color allows for any matter of accent to be paired with it including bold colors like lime green and orange.",#6F6F6F,#6F6F6F,"rgb(111,111,111)","0, 0, 0, 56",RAL 7005,Grigio Lynx,Grigio Estoque,Grigio Nimbus
Lamborghini,Grigio Liqueo,Lamborghini's Ad Personam light metallic grey color.,"Grigio Liqueo is a light metallic grey with beautiful warm undertones and is commonly found on Aventadors. To accentuate its sleek nature, this color is often complimented by red and black accents.",#85898D,#85898D,"rgb(133,137,141)","6, 3, 0, 45",RAL 7046,Grigio Hati,Grigio Antares,Grigio Estoque
Lamborghini,Grigio Lynx,Lamborghini's Ad Personam grey color.,"Grigio Lynx is a deep and poweful grey that gives the Huracan a stealthy look. The versatile nature of this color allows for any accent but bright colors like red, yellow and orange compliment it beautifully.",#707176,#707176,"rgb(112,113,118)","5, 4, 0, 54",RAL 9023,Grigio Nimbus,Grigio Keres,Grigio Lynx
Lamborghini,Grigio Nimbus,Lamborghini's Ad Personam bright light grey color.,"Grigio Nimbus can be found on both the Huracan and Urus and is a bright, light grey color. Bright accents like yellow and red highlight the beauty of this color well.",#6B7278,#6B7278,"rgb(107,114,120)","11, 5, 0, 53",RAL 7031,Grigio Liqueo,Grigio Estoque,Grigio Hati
Lamborghini,Nero Helene,Lamborghini's Ad Personam black color.,Nero Helene is a classic black that gives the car a powerful look. The Huracan and Urus display this color with red or yellow accents that bring a beautiful pop of color to this stealthy look.,#151618,#151618,"rgb(21,22,24)","13, 8, 0, 91",RAL 9005,Nero Aldebaran,Nero Noctis,Nero Nemesis
Lamborghini,Nero Noctis,Lamborghini's Ad Personam metallic black color.,"Nero Noctis is a shiny, metallic black common to the Huracan and Urus. This color is sleek and polished, and pairs well with red or orange accents that offer a beautiful contrast.",#292927,#292927,"rgb(41,41,39)","0, 0, 5, 84",RAL 9017,Nero Granatus,Nero Aldebaran,Nero Pegaso
Lamborghini,Nero Pegaso,Lamborghini's Ad Personam dark black color.,Nero Pegaso can be found on the Aventador and is a deep and rich dark black color. Arancio or red accents contrast well with this color.,#080D10,#080D10,"rgb(8,13,16)","50, 19, 0, 94",RAL 9005,Nero Nemesis,Nero Helene,Nero Aldebaran
Lamborghini,Nero Nemesis,Lamborghini's Ad Personam matte black color.,"Nero Nemesis is a beautiful matte black color with a subtle hint of grey undertones. This color appears on both Huracans and Aventadors, and is complemented well with red or orange accents.",#312F30,#312F30,"rgb(49,47,48)","0, 4, 2, 81",RAL 9004,Nero Pegaso,Nero Noctis,Nero Helene
Lamborghini,Rosso Bia,Lamborghini's Ad Personam cherry red color.,"Rosso Bia is a bold, cherry red found on both the Huracan Performante and Aventador SVJ. The glossy shine of this color makes Nero accents the primary choice. ",#C10001,#C10001,"rgb(193,0,1)","0, 100, 99, 24",RAL 3020,Rosso Leto ,Rosso Leto ,Rosso Efesto
Lamborghini,Rosso Leto ,Lamborghini's Ad Personam deep red color.,Rosso Leto gives Aventadors a powerful and classic look with its deep red color. Black and silver accents compliment this color beautifully.,#B60035,#B60035,"rgb(182,0,53)","0, 100, 71, 29",RAL 3027,Rosso Bia,Rosso Leto ,Rosso Arancio
Lamborghini,Verde Ermes,Lamborghini's Ad Personam dark green color.,"Verde Ermes, found on both the Huracan and Aventador, is a dark green with a glossy shine. Although Nero accents are the most common and enhance this color the best, sublte red or yellow accents also pair beautifully with this color.",#546E51,#546E51,"rgb(84,110,81)","24, 0, 26, 57",RAL 6010,Verde Ithaca,Verde Mantis,Verde Citrea
Lamborghini,Verde Ithaca,Lamborghini's Ad Personam bright green color.,"Verde Ithaca is a bright, neon green that gives Aventadors a bold and confident look. Nero accents compliments this color the best and accetuates the build of the car very well.",#AEFF7E,#AEFF7E,"rgb(174,255,126)","32, 0, 51, 0",RAL 6019,Verde Ermes,Verde Scandal,Verde Metallic
Lamborghini,Viola Aletheia,Lamborghini's Ad Personam deep purple color. ,"Viola Aletheia can be found on the Aventador SVJ and is a stunning deep purple. Its glossy shine makes the color radiate in the sun, making it truly eye-catching. Bronze accents offer a unique compliment to this color, along with black accents.",#492AC5,#492AC5,"rgb(73,42,197)","63, 79, 0, 23",RAL 5008,Viola Pasifae,Viola 30,Lantana Purple
Ferrari,Rosso Scuderia,Ferrari's bright red color. ,"Rosso Scuderia is a brighter Ferrari red that was first debuted on the F430. It is a versatile red that can be paired well with black, silver and white accents.",        #ff2800,        #ff2800,"rgb(255,40,0)","0, 84, 100, 0",RAL 3024,Rosso Corsa,Rosso Fuoco,Rosso Mugello
Ferrari,Rosso Corsa,Ferrari's classic red color.,"Rosso Corsa is the classic red option that you can select. It has been seen as a classic since the F458, and can be optioned on every car model like the 488, 812 Superfast, LaFerrari and more. It is mostly seen paired with black and silver, but can work with more bold accents like yellow as well. ",#D40000,#D40000,"rgb(212,0,0)","0, 100, 100, 17",RAL 3028,Rosso Scuderia,Rosso 70 Anni,Rosso Dino
Ferrari,Rosso Mugello,Ferrari's dark red color.,"Rosso Mugello is Ferrari's deep, almost maroon red. It is a color that's been seen as far back as the 599 GTO and F430, as well as on special models like the Monza SP. This deep red looks almost stealthy, and pairs well with either Silver or Gold accents. ",#7A212A,#7A212A,"rgb(122,33,42)","0, 73, 66, 52",RAL 3032,Rosso Dino,Rosso Fiorano,Rosso Corsa
Ferrari,Rosso Fuoco,Ferrari's triple layer red color.,"Rosso Fuoco is a beautiful triple layer red paint that is a popular LaFerrari color. The triple layer nature of it makes it shimmer in the sunlight, and accentuates the special curves and lines of any Ferrari. ",#D13442,#D13442,"rgb(209,52,66)","0, 75, 68, 18",RAL 3018,Rosso Mugello,Rosso Corsa,Rosso Fiorano
Ferrari,Rosso Dino,Ferrari's red/orange color.,"Rosso Dino is a red Ferrari paint color that verges almost on orange. It looks like the sunset, and has been seen on all models as far back as the Ferrari Enzo. It is paired best with silver, black, or gold accents due to its bright nature. ",#FC652E,#FC652E,"rgb(252,101,46)","0, 60, 82, 1",RAL 2008,Rosso Fiorano,Rosso Fuoco,Rosso Mugello
Ferrari,Rosso Fiorano,Ferrari's ruby red color.,"Rosso Fiorano is a darker metallic red that looks similar to Fuoco. It has been seen on Pistas all the way to the 599 GTO, and is a more subtle red color. This color pairs best with black, or bright silver colors that give a contrast. ",#5D0001,#5D0001,"rgb(93,0,1)","0, 100, 99, 64",RAL 3004,Rosso Dino,Rosso 70 Anni,Rosso Fuoco
Ferrari,Rosso 70 Anni,Ferrari's 70th anniversary celebration color.,"Ferrari's 70th anniversario color is an homage to their most prominent color. It looks similar to Rosso Corsa, but pops a bit less in the sunlight. This color is best if you're looking to bring history to your modern Ferrari, and is primarily seen on the 812 Superfast. ",#C40C19,#C40C19,"rgb(196,12,25)
","0, 94, 87, 23",RAL 3020,Rosso Fiorano,Rosso Corsa,Rosso Scuderia
Ferrari,Giallo Modena,Ferrari's triple layer yellow color.,"Giallo Modena is Ferrari's classic triple yellow paint that has been seen on models as early as the F40. This bright yellow pops in the suns, and outlines Ferrari's specific angles well. It is best paired with bright silver accents. ",#FCE903,#FCE903,"rgb(252,233,3)","0, 8, 99, 1",RAL 1016,Giallo Tenerife,Racing Yellow,Giallo Inti
Ferrari,Grigio Ingrid,Ferrari's beige grey color.,"Grigio Ingrid, although classified as grey, is a more champagne hue that highlights the classiness of a Ferrari. It is a rare color choice, but is seen on cars as early as the 612 Scaglietti. This color pairs best with a classy specification of silver accents. ",#756D62,#756D62,"rgb(117,109,98)","0, 7, 16, 54",RAL 7006,Grigio Alloy,Grigio Silverstone,Grigio Titanio
Ferrari,Grigio Alloy,Ferrari's light grey (blue) color.,"Grigio Alloy is a extremely light grey hue that has blue undertons in the sun. This color has a beautiful reflection, and pops in the sun. It has been seen on the F458, as well as earlier and later models. It is commonly paired with black accents fro a stealthy look, or silver for a classy asthetic. ",#A3C7E9,#A3C7E9,"rgb(163,199,233)","30, 15, 0, 9",RAL 7047,Grigio Silverstone,Grigio Ingrid,Grigio Ferro
Ferrari,Grigio Titanio,Ferrari's classic grey color.,"Grigio Titanio is a classic Ferrari grey that gives the car a different look than the traditional bright colors. It has been seen on all modern Ferrari models like the F8, 812, and even the Roma. This is a more stealthy Ferrari, so it pairs well with either black or silver accents. ",#A8B8C0,#A8B8C0,"rgb(168,184,192)","13, 4, 0, 25",RAL 7040,Grigio Ingrid,Grigio Alloy,Grigio Ferro
Ferrari,Grigio Silverstone,Ferrari's dark grey color.,"Grigio Silverstone is a stealthy dark grey hue that makes Ferraris look menacing. It has been as early as the 458 Speciale, and looks stunning with yellow accents that help enhance the Ferrari fender shield. ",#585C64,#585C64,"rgb(88,92,100)","12, 8, 0, 61",RAL 7015,Grigio Titanio,Grigio Ingrid,Grigio Ferro
Ferrari,Grigio Ferro,Ferrari's light grey color.,"Grigio Ferro is a lighter grey that has shines in the sun. It also has reflective qualities, and pairs well with Silver, Black or Yellow accents. ",#626062,#626062,"rgb(98,96,98)","0, 2, 0, 62",RAL 7012,Grigio Scuro,Grigio Titanio,Grigio Alloy
Ferrari,Grigio Scuro,Ferrari's deep grey color.,"Grigio Scuro almost has triple-layer grey qualities because it is a very deep, bold grey. This color pairs best with black accents to accentuate the stealthy nature of the color, and is seen commonly on the mid-engine Ferraris like the F458 and F488. ",#4C4E4D,#4C4E4D,"rgb(76,78,77)","3, 0, 1, 69",RAL 7043,Grigio Ferro,Grigio Ferro,Grigio Alloy
Ferrari,Blu Scozia,Ferrari's dark blue color.,"Blu Scozia is one of the most elegant blue Ferrari colors. It is a darker blue, but shines a bit in the sun. This color is very versatile, pairing well with gold, silver, and black, and is seen on the F488 and F12 Berlinetta. ",#505C77,#505C77,"rgb(80,92,119)","33, 23, 0, 53",RAL 5000,Blu Swaters,Blu Tour De France,Blu Abu Dhabi
Ferrari,Blu Swaters,Ferrari's royal blue color.,"Blu Swaters is a royal Ferrari blue has triple-layer paint qualities. This stunning color looks both stealthy and elegant, and is most commonly seen on the 812 Superfast. It is best paired with black accents. ",#163166,#163166,"rgb(22,49,102)","78, 52, 0, 60",RAL 5022,Blu Scozia,Blu Abu Dhabi,Blu Swaters
Ferrari,Bianco Avus,Ferrari's classic white color.,"Bianco Avus is Ferrari's classic white color that is most commonly specified on the F488 and F12. It is a pearly white that makes the Ferrari look elegant, and can be paired with virtually any accent color. ",#F2F3F6,#F2F3F6,"rgb(242,243,246)","2, 1, 0, 4",RAL 9003,Bianco Avorio,Bianco Monocerus,Pearl White
Ferrari,Blu Pozzi,Ferrari's deep blue color.,"Blu Pozzi is a very dark blue that looks almost black from certain angles. It is a great color choice if you want to bring a bit of pop to the color beyond black, and pairs well with grey accents. ",#2C3970,#2C3970,"rgb(44,57,112)","61, 49, 0, 56",RAL 5022,Blu Abu Dhabi,Blu Tour De France,Blu Scozia
Ferrari,Blu Abu Dhabi,Ferrari's light blue color.,"Blu Abu Dhabi is a brighter royal blue that shines in the sun. It is best paired with white accents, and has an elegance that represents the Ferrari brand well.  ",#2885B5,#2885B5,"rgb(40,133,181)","78, 27, 0, 29",RAL 5012,Blu Pozzi,Blu Swaters,Blu Tour De France
Ferrari,Blu Tour De France,Ferrari's classic blue color.,"Blu Tour de France is a lighter classic blue that is commonly seen on the F458, and 812 Superfast. It is best paired with silver, or black accents. ",#2243AA,#2243AA,"rgb(34,67,170)","80, 61, 0, 33",RAL 5002,Blu Scozia,Blu Swaters,Blu Pozzi
Ferrari,Argento Nurburgring,Ferrari's metallic silver color.,"Argento Nurburgring is a light silver Ferrari color that has is commonly seen on front-mid engine Ferrari liks the California, F12, or 812 Superfast. It is a bright silver color, and can look stealthy with black accents. ",#CACBCE,#CACBCE,"rgb(202,203,206)","2, 1, 0, 19",RAL 7047,Ice Silver,Dolomite Silver Metallic,GT Silver Metallic
Ferrari,Nero Daytona,Ferrari's classic black color.,"Nero Daytona is a classic black that makes the Ferrari a bit less abrassive. This is a historical color that has been seen as far back as the F50, and looks best with black rims to make it even more subtle. ",#231F1C,#231F1C,"rgb(35,31,28)","0, 11, 20, 86",RAL 8022,Nero Pegaso,Jet Black Metallic,Fire Black
Ferrari,Bianco Avorio,Ferrari's cream white color.,"Bianco Avorio is a white cream color that has been seen on classic cars like the 599 GTO. It is a less common option now, making it more rare, and looks beautiful with silver accents. ",#E5DEDC,#E5DEDC,"rgb(229,222,220)","0, 3, 4, 10",RAL 9003,Bianco Avus,Bianco Asopo,Bianco Comes
Ferrari,Canna Di Fucile,Ferrari's metallic grey color.,"Canna Di Fucile is commonly compared to Grigio Silverstone, because of their metallic grey qualities. This Ferrari color looks incredible with yellow accents to compliment it. ",#7E8792,#7E8792,"rgb(126,135,146)","14, 8, 0, 43",RAL 7046,Carbon Black Metallic,Graphite Metallic,Grigio Antares
Ferrari,Verde British,Ferrari's British racing green color.,"Like the name suggests, Verde British is Ferrari's British racing green color. This darker moss green has been historically seen across all car brands, and looks best with silver accents. ",#004225,#004225,"rgb(0,66,37)","100, 0, 44, 74",RAL 6035,Verde Selvans,Racing Green,Verde Metallic
Porsche,Aventurine Green Metallic,Porsche's metallic dark green color.,Aventurine Green Metallic is a dark green with grey undertones that give the color a metallic look. It can be found primarily on the 911 and looks stunning with silver or gold accents as well as subtle red accents.,#605E51,#605E51,"rgb(96,94,81)","0, 2, 16, 62",RAL 7009,Python Green,Jade Green,Viper Green
Porsche,Python Green,Porsche's bright green color.,"Python Green is a bright green that's found on both the 911 and Cayman. This color gives off a radiant and glossy finish and pairs well with black, silver and white accents.",#1FF497,#1FF497,"rgb(31,244,151)","87, 0, 38, 4",RAL 6038,Emerald Green Metallic,Acid Green,Viper Green
Porsche,Jade Green,Porsche's bright teal color.,"Jade green is a traditional Porsche Color that has been as far back as the early 1970s 911. It is a bright teal color that stands out best with silver, or black accents. ",#00BC96,#00BC96,"rgb(0,188,150)","100, 0, 20, 26",RAL 6027,Aventurine Green Metallic,Acid Green,Viper Green
Porsche,Acid Green,Porsche's electric green color.,Acid Green is a shocking electric green that made its debut on the 918 but can also now be found on the 911. Black and subtle gold accents compliment this color beautifully to accentuate the exotic look.,#CBE800,#CBE800,"rgb(203,232,0)","13, 0, 100, 9",RAL 1016,Emerald Green Metallic,Jade Green,Viper Green
Porsche,Viper Green,Porsche's classic green color.,"Viper Green is a historical Porsche color that has been seen as far back as the older 911s. It is still a common spec color for the 911s because of its heritage, and pairs best with silver, black or yellow accents.",#029220,#029220,"rgb(2,146,32)","99, 0, 78, 43",RAL 6037,Aventurine Green Metallic,Viper Green,Emerald Green Metallic
Porsche,Emerald Green Metallic,Porsche's British racing green color.,"Emerald Green is a darker racing green color that has been seen on historical Porsches as far back as the 70s. It is still a beautiful spec choice to pick as a homage to the historical racing days, and pairs best with black accents.",#328983,#328983,"rgb(50,137,131)","64, 0, 4, 46",RAL 6033,Acid Green,Jade Green,Aventurine Green Metallic
Porsche,Jet Black Metallic,Porsche's metallic black color.,"Jet Black Metallic is a classic dark black color that has been seen on all Porsche variations from the Taycans to Macans and Cayennes. It is the best choice for a stealthy specification, and can be paired with any accent color choice. ",#201A1E,#201A1E,"rgb(32,26,30)","0, 19, 6, 87",RAL 8022,Carbon Black Metallic,Nero Helene,Nero Daytona
Porsche,Carbon Black Metallic,Porsche's bright metallic black color.,"Carbon Black Metallic can be found on the 911 and is a bright, metallic black. The glossy shine of this color is truly eye-catching and looks stunning with silver, gold or yellow accents.",#74828B,#74828B,"rgb(116,130,139)","17, 6, 0, 45",RAL 7000,Jet Black Metallic,Sapphire Black,Nero Nemesis
Porsche,Racing Yellow,Porsche's classic yellow color.,"Racing Yellow is a classic, bright yellow that brings a confident pop of color to the car. Found on the 911, this color is accentuated by black or silver accents.",#F8CD02,#F8CD02,"rgb(248,205,2)","0, 17, 99, 3",RAL 1018,Giallo Orion,Giallo Modena,Oros Elios
Porsche,Guards Red,Porsche's classic red color.,"Guards Red is found primarily on the 911 and is a beautiful classic red that gives the car a shiny and glossy look. Black and silver accents pair best with this color, along with a subtle yellow.",#FA2223,#FA2223,"rgb(250,34,35)","0, 86, 86, 2",RAL 3024,Rosso Corsa,Polo Red,Arancio Argos
Porsche,Carmine Red,Porsche's deep red color.,"Carmine Red is a shiny, deep red that gives the car a classy look. It can be found on all Porsche models and is paired well with black, silver and yellow accents.",#9D0620,#9D0620,"rgb(157,6,32)","0, 96, 80, 38",RAL 3002,Rosso Fuoco,Volcano Red,Rosso Bia
Porsche,Scarlet Red,Porsche's red/orange color.,"Scarlet Red is a traditional Porsche color that has been seen on cars as far back as the 1970s Porsche 914. It is a classic red that looks orange in the sunlight, and is paired best with black or silver accents.",#F82100,#F82100,"rgb(248,33,0)","0, 87, 100, 3",RAL 2004,Rosso Arancio,Rosso Scuderia,Red Metallic
Porsche,Polo Red,Porsche's classic red color.,"Polo Red is a classic darker red Porsche color that has been as far back as the 1960s Porsche 911s. It is a beautiful homage to the brand's history, and is paired best with silver accents. ",#980611,#980611,"rgb(152,6,17)","0, 96, 89, 40",RAL 3002,Rosso Mugello,Mercury Red,Scarlet Red
Porsche,Red Metallic,Porsche's metallic red color.,"Red Metallic gives off a daring look with its dark, metallic red color and can be found primarily on the 911. Black and silver accents compliment this color beautifully. ",#A72241,#A72241,"rgb(167,34,65)","0, 80, 61, 35",RAL 3027,Rosso Efesto,Rosso Dino,Guards Red
Porsche,Rubystone Red,Porsche's pink ruby color.,"Rubystone Red made its debut on the old Porsche 964 and can now be found on the 911 and Carrera. This bright, fuchsia pink accentuates the sleek nature of hte car and pairs well with black and silver accents.",#F3037E,#F3037E,"rgb(243,3,126)","0, 99, 48, 5",RAL 4010,Scarlet Red,Carmine Red,Rosso Scuderia
Porsche,Agate Grey Metallic,Porsche's metallic grey color.,"Agate Grey Metallic can be found on the 911 and is a dark, metallic grey. Its sleek and stealthy look is complimented well with black and yellow accents. ",#AAB1B9,#AAB1B9,"rgb(170,177,185)","8, 4, 0, 27",RAL 7040,Chalk,Graphite Grey,Graphite Metallic
Porsche,Chalk,Porsche's light grey color.,"Chalk is a pearlescent, light grey that gives the 911 a radiant and polished look. This versatile color pairs well with many accent colors including black, yellow and red.",#A5A4AC,#A5A4AC,"rgb(165,164,172)","4, 5, 0, 33",RAL 7004,Agate Grey Metallic,Graphite Grey,Graphite Metallic
Porsche,Graphite Grey,Porsche's classic grey color.,Graphite Grey can be found on the 911 and is a classic grey that gives the car a glossy and polished look. Black and silver accents compliment this color beautifully.,#748795,#748795,"rgb(116,135,149)","22, 9, 0, 42",RAL 7000,Chalk,Agate Grey Metallic,Graphite Metallic
Porsche,Graphite Metallic,Porsche's bright grey color.,Graphite Metallic is a bright grey with subtle blue undertones that can be found on the 911. Black and silver accents work well to complete this classy look.,#546A78,#546A78,"rgb(84,106,120)","30, 12, 0, 53",RAL 7031,Chalk,Agate Grey Metallic,Graphite Grey
Porsche,Sand Beige,Porsche's flat beige color.,Sand beige is a traditional color that has been found on Porsches as far back as the 1960s like the 912 and even vintage 911s. It is a bright beige color that has a flat hue and pairs best with silver accents.,#C9AC80,#C9AC80,"rgb(201,172,128)","0, 14, 36, 21",RAL 1001,Graphite Metallic,Agate Grey Metallic,Dolomite Silver Metallic
Porsche,Dolomite Silver Metallic,Porsche's metallic silver color.,"Dolomite Silver Metallic creates a sleek look with its metallic silver color. Primarily found on the 911, this color pairs well with black and red accents.",#9FB1BC,#9FB1BC,"rgb(159,177,188)","15, 6, 0, 26",RAL 7040,Sand Beige,GT Silver Metallic,Night Blue Metallic
Porsche,GT Silver Metallic,Porsche's light metallic grey color.,"GT Silver Metallic, found primarily on the 911, is a light, metallic grey. This color is complimented well by black and red accents. ",#A3ACB3,#A3ACB3,"rgb(163,172,179)","9, 4, 0, 30",RAL 7040,Ice Blue Metallic,Dolomite Silver Metallic,Metallic Blue
Porsche,Gentian Blue Metallic,Porsche's metallic blue color.,"Gentian Blue Metallic is deep, royal blue with a metallic sheen that gives the car a vibrant look. Found on the 911, this color looks stunning black and subtle red accents.",#09203F,#09203F,"rgb(9,32,63)","86, 49, 0, 75",RAL 5013,Metallic Blue,GT Silver Metallic,Dolomite Silver Metallic
Porsche,Night Blue Metallic,Porsche's dark metallic blue color.,"Night Blue Metallic is a rich navy blue that creates a sleek and stealthy look on the 911. Red, black and silver accents compliment this color beautifully.",#385D89,#385D89,"rgb(56,93,137)","59, 32, 0, 46",RAL 5023,Gentian Blue Metallic,Metallic Blue,Gentian Blue Metallic
Porsche,Azure Blue,Porsche's classic blue color.,"Azure Blue is one of Porsche's most classic blue colors. It has been seen on vintage 1950s Porsches like the 381, and has a flat blue hue. It pairs best with silver colors, and is no longer common.",#3C566F,#3C566F,"rgb(60,86,111)","46, 23, 0, 56",RAL 5000,Miami Blue,Metallic Blue,Riviera Blue
Porsche,Metallic Blue,Porsche's classic metallic blue color.,"
Sapphire Blue Metallic is an electric, royal blue that can be found on both the Cayman and 911. This color creates an electric look that pairs well with black and silver accents . ",#0387D9,#0387D9,"rgb(3,135,217)","99, 38, 0, 15",RAL 5012,Riviera Blue,Azure Blue,Arrow Blue
Porsche,Ice Blue Metallic,Porsche's light metallic blue color.,"Ice Blue Metallic can be found on the 911 and is a frosty, light blue with a metallic finish. To compliment this color, black and silver accents pair the best.",#8C969F,#8C969F,"rgb(140,150,159)","12, 6, 0, 38",RAL 7001,Arrow Blue,Bahama Blue,Moonlight Blue Metallic
Porsche,Bahama Blue,Porsche's bright metallic blue color.,Bahama Blue is a bright metallic blue color that has been seen on vintage 911 cars from the 1970s. It pairs best with silver accents.,#2971EA,#2971EA,"rgb(41,113,234)","82, 52, 0, 8",RAL 5023,Metallic Blue,Arrow Blue,Miami Blue
Porsche,Arrow Blue,Porsche's bright blue color.,"Arrow Blue made its debut on the classic 911s and can now be found all modern day Porsches. This bright blue gives the car a bold and glossy look, and is accentuated by black silver, and subtle yellow accents.",#0459DA,#0459DA,"rgb(4,89,218)","98, 59, 0, 15",RAL 5023,Miami Blue,Riviera Blue,Bahama Blue
Porsche,Pastel blue,Porsche's light pastel blue color.,Pastel blue is a vintage bright blue color that was first seen in the early 1970s. It is often seen with white or silver accents.,#A0D8FB,#A0D8FB,"rgb(160,216,251)","36, 14, 0, 2",RAL 6027,Riviera Blue,Metallic Blue,Ice Blue Metallic
Porsche,Miami Blue,Porsche's light blue color.,Miami Blue is a bright sky blue that creates a bold look and can be seen on both the 911 and Cayman. Black and silver accents pair well with this color.,#00B5C8,#00B5C8,"rgb(0,181,200)","100, 10, 0, 22",RAL 6034,Bahama Blue,Pastel blue,Riviera Blue
Porsche,Riviera Blue,Porsche's bright blue color.,"Riviera Blue is an electric, bright blue that is found on the 911. Black and silver accents highlight the power of this color and compliment it well.",#018ADA,#018ADA,"rgb(1,138,218)","100, 37, 0, 15",RAL 5012,Moonlight Blue Metallic,Bahama Blue,Arrow Blue
Porsche,Moonlight Blue Metallic,Porsche's dark metallic blue color.,"Moonlight Blue Metallic made its debut on the Cayenne and is a dark, navy blue. This stealthy, powerful look pairs well with silver accents.",#153149,#153149,"rgb(21,49,73)","71, 33, 0, 71",RAL 5003,Riviera Blue,Arrow Blue,Pastel blue
Porsche,Lava Orange,Porsche's classic orange color.,"Lava Orange is a flaming, ruby orange found on the 911. The powerful look of this color is emphasized with black and silver accents.",#FF2600,#FF2600,"rgb(255,38,0)","0, 85, 100, 0",RAL 3024,Scarlet Red,Arancio Argos,Arancio Borealis
McLaren,McLaren Argon,McLaren's classic dark grey color.,"McLaren Argon is a deep grey color that brings out the stealthy nature of the cars. Originally seen on the 720s, the car shines in the sun and pairs well with black or silver accents. ",#626876,#626876,"rgb(98,104,118)","17, 12, 0, 54",RAL 4012,Storm Grey,Ice Silver,Grigio Lynx
McLaren,Lime Green,McLaren's bright green color.,"Lime green is a light bright green paint color that has been seen primarily on the 720s, and 600LT. It is a bright color, so it pairs best with subtle black accents.",#C2ED3E,#C2ED3E,"rgb(194,237,62)","18, 0, 74, 7",RAL 1016,Racing Green,Mantis Green,Verde Selvans
McLaren,Pearl White,McLaren's flat white color.,"Pearl white is a bright triple layer white that was first seen on the McLaren P1. It brings out the elegance of McLarens, and can be paired with any accent color. ",#EBEBEB,#EBEBEB,"rgb(235,235,235)","0, 0, 0, 8",RAL 9003,Bianco Monocerus,Bianco Avus,Bianco Isi
McLaren,Racing Green,McLaren's British racing green color.,"Racing Green is McLaren's version of the classic dark British Racing Green color. This historical color is a dark green that has a moss hue, and has been seen primarily on the Senna.",#2F473A,#2F473A,"rgb(47,71,58)","34, 0, 18, 72",RAL 6028,Mantis Green,Lime Green,Verde Metallic
McLaren,Mclaren Orange,McLaren's classic orange color.,"McLaren (or Tarocco Orange) has been McLaren's historical color, seen on Formula 1 cars, and classic cars like the P1. This deep volcanic orange looks stunning with black accents, but also works well with silver accents. ",#FFC43D,#FFC43D,"rgb(255,196,61)","0, 23, 76, 0",RAL 1018,Volcano Orange,Lava Orange,Arancio Bruciato
McLaren,Storm Grey,McLaren's classic grey color.,"Storm grey is McLaren's darkest grey. It has an almost matte quality in the dark, but reflects in the light. It has been seen primarily on the 570s, and pairs well with orange, red or yellow accents. ",#8C8D92,#8C8D92,"rgb(140,141,146)","4, 3, 0, 43",RAL 7045,Titanium Silver,Graphite Grey,Grigio Telesto
McLaren,Aurora Blue,McLaren's deep blue color.,"Aurora blue is a deep royal blue that has been seen primarily on the 720s. It looks beautiful with black, or constrasting yellow and orange accents. ",#172375,#172375,"rgb(23,35,117)","80, 70, 0, 54",RAL 5022,Curacao Blue,Blu Swaters,Bahama Blue
McLaren,Curacao Blue,McLaren's bright blue color.,"Curacao Blue is McLaren's bright blue color. It looks almost teal in the sun, and has been seen primarily on the 570s. This blue pairs perfectly with orange or silver accents.  ",#00B8EE,#00B8EE,"rgb(0,184,238)","100, 23, 0, 7",RAL 5024,Aurora Blue,Vegas Blue,Blu Nila
McLaren,Lantana Purple,McLaren's deep purple color.,"Lantana purple is a deep purple color that looks both stealthy and elegant. It has been seen on the 570s variations, as well as the 720s variations, and is a common purple color choice. This purple pairs well with orange, yellow, silver or black accents.     ",#351175,#351175,"rgb(53,17,117)","55, 85, 0, 54",RAL 5022,Cobalt Violet,Viola Aletheia,Viola Pasifae
McLaren,Sapphire Black,McLaren's classic black color.,"Sapphie Black is a massic McLaren black that looks almost blue in the sun. It is the perfect stealth choice, and has been seen on all McLaren models dating back to the MP4-12C. This black is very versatile, and be paired with any accent color. ",#29324E,#29324E,"rgb(41,50,78)","47, 36, 0, 69",RAL 5013,Fire Black,Jet Black Metallic,Nero Pegaso
McLaren,Ice Silver,McLaren's bright silver color.,"Ice silver is a dark silver color that has been seen on all McLaren variations from the 570s all the way to the P1. It looks stunning with black accents, but can also be paired with red or orange contrasting colors. ",#C4C8D4,#C4C8D4,"rgb(196,200,212)","8, 6, 0, 17",RAL 7047,Titanium Silver,Ice Blue Metallic,GT Silver Metallic
McLaren,Titanium Silver,McLaren's classic silver color.,"Titanium silver is a darker McLaren color that has a gun metal finish. It is a bit more stealthy than Ice Silver, and has been seen on cars as early as the MP4-12C. This silver is paired commonly with black, or orange accents. ",#9BA2B4,#9BA2B4,"rgb(155,162,180)","14, 10, 0, 29",RAL 7040,Ice Silver ,Dolomite Silver Metallic,Grigio Silverstone
McLaren,Mercury Red,McLaren's dark red color.,"Mercury Red is a beautiful triple layer red dark red paint that is similar to Ferrari's Rosso Fuoco. It has been seen on cars as early as the MP4-12C and P1, and is a McLaren classic that pairs best with black accents. ",#9B0E1F,#9B0E1F,"rgb(155,14,31)","0, 91, 80, 39",RAL 3002,Volcano Red,Rosso Mars,Scarlet Red
McLaren,Volcano Red,McLaren's fire red color.,Volcano is McLaren's classic red color that was seen most commonly on the P1. It is a deep red color that shines brightly in the sun. This color pairs best with yellow or red accents. ,#A80115,#A80115,"rgb(168,1,21)","0, 99, 88, 34",RAL 3002,Mercury Red,Guards Red,Rosso Bia
McLaren,Cobalt Violet,McLaren's dark purple color.,"Cobalt Purple is McLaren's darkest purple and can be mistaken for black in the dark. It is a stealthy color, and has been seen primarily on the 570s. This color pairs perfectly with bronze, black or silver accents. ",#C8659E,#C8659E,"rgb(200,101,158)","0, 50, 21, 22",RAL 4003,Lantana Purple,Viola 30,Viola Pasifae
McLaren,Volcano Orange,McLaren's fire orange color.,"Volcano Orange is McLaren's classic P1 orange. It is a lighter triple-layer orange that was introduced on the P1, and pairs well with black accents. ",#C82504,#C82504,"rgb(200,37,4)","0, 82, 98, 22",RAL 2002,McLaren Orange,Arancio Argos,Rosso Dino
McLaren,Mantis Green,McLaren's bright green color.,"Mantis green represents the ethos of a supercar perfectly: bright green. It was debuted on the 650S, and pairs well with both silver and black accents. ",#63EA2E,#63EA2E,"rgb(99,234,46)","58, 0, 80, 8",RAL 6038,Lime Green,Racing Green,Viper Green
McLaren,Fire Black,McLaren's metallic black color.,"Fire black is a beautiful black color. Stealthy, but in direct sunlight shimmers with bright metallic flakes. It has been seen primarily on the P1, but other cars as back as the MP4-12C have also been seen in this color. This black can be paired with any accent color. ",#191A1E,#191A1E,"rgb(25,26,30)","17, 13, 0, 88",RAL 8022,Sapphire Black,Nero Aldebaran,Nero Daytona
McLaren,Vegas Blue,McLaren's classic blue color.,McLaren Blue is a classic blue color that has been seen primarily on the 570s variations. It pairs best with silver and black colors. ,#0149D3,#0149D3,"rgb(1,73,211)","100, 65, 0, 17",RAL 5000,Aurora Blue,Curacao Blue,Azure Blue
Audi,Nardo Grey,Audi's classic grey color.,"Nardo grey is Audi's famous classic grey color. It is a darker grey that accentuates a cars lines in a stealthy way. It pairs best with red, black or orange accents. ",#C0C6C8,#C0C6C8,"rgb(192,198,200)","4, 1, 0, 22",RAL 7035,Graphite Grey,Grigio Hati,Grigio Titanio